original_aa,n_total,n_reducing,frac_reducing,mean_delta_p_all,mean_delta_p_reducing,background_frequency,enrichment,class
G,6935,5161,0.7441961067051189,0.014272144110235429,0.02162576665009341,0.07983330077489093,1.5898678863183,"Nonpolar (A,V,L,I,M,F,W,P,G)"
Q,1653,945,0.5716878402903811,0.007614693350310182,0.01893697232796397,0.036725923031842155,0.6328056568054026,"Polar uncharged (S,T,N,Q,Y,C)"
K,3306,2520,0.7622504537205081,0.0072624267896448874,0.013805645053821848,0.06459594972976493,0.9594150280598038,"Basic (K, R, H)"
A,2413,1633,0.6767509324492333,0.0066307925654307195,0.012939926786650442,0.0755355863775477,0.5316745152213622,"Nonpolar (A,V,L,I,M,F,W,P,G)"
Y,4199,2886,0.6873065015479877,0.005989667875450471,0.012028882369058249,0.02949794881812854,2.4061116339156494,"Polar uncharged (S,T,N,Q,Y,C)"
L,3762,2252,0.5986177565124934,0.005712014969075877,0.014160176841657875,0.08178680731913786,0.6771679500445963,"Nonpolar (A,V,L,I,M,F,W,P,G)"
P,5776,3412,0.5907202216066482,0.005056231058205255,0.014008545477253286,0.04642833886826854,1.807328682258137,"Nonpolar (A,V,L,I,M,F,W,P,G)"
C,3420,2005,0.5862573099415205,0.004184713924837383,0.012355271212180607,0.02083740313863385,2.3663667090895677,"Polar uncharged (S,T,N,Q,Y,C)"
V,3572,2424,0.6786114221724524,0.003765578524596463,0.012499946756626466,0.07442859933580777,0.8009474689944412,"Nonpolar (A,V,L,I,M,F,W,P,G)"
I,4009,2107,0.525567473185333,0.003666488033268448,0.014158913235374078,0.06049358598684639,0.8565771201364457,"Nonpolar (A,V,L,I,M,F,W,P,G)"
F,4788,2696,0.5630743525480367,0.0032700205357152354,0.012534819233841948,0.04089340365956893,1.6213541681351966,"Nonpolar (A,V,L,I,M,F,W,P,G)"
T,3515,1715,0.4879089615931721,0.002744316427331223,0.011108319578643397,0.057367975516051314,0.7352006193077775,"Polar uncharged (S,T,N,Q,Y,C)"
S,2166,1243,0.5738688827331486,0.00234121962047129,0.009923345843151658,0.06967506674480693,0.43873774545294075,"Polar uncharged (S,T,N,Q,Y,C)"
H,2964,1534,0.5175438596491229,0.0019303913983577969,0.00791263910595717,0.024158364263853618,1.5615974755266644,"Basic (K, R, H)"
N,2337,1485,0.6354300385109114,0.0017462831100542096,0.00677957835823594,0.048316728527707235,0.7558579697382976,"Polar uncharged (S,T,N,Q,Y,C)"
E,2774,1199,0.4322278298485941,0.001671179409240256,0.01612150674069092,0.05339584554274923,0.5522337929222586,"Acidic (D, E)"
D,5434,2939,0.5408538829591462,0.0015840120161110538,0.013838672220159316,0.060819170410887545,1.1884211113354497,"Acidic (D, E)"
W,2451,1173,0.4785801713586291,0.0013335540021307297,0.007191526158081557,0.012762909422413232,2.2602661914699476,"Nonpolar (A,V,L,I,M,F,W,P,G)"
M,2546,657,0.2580518460329929,-0.006915368695757259,0.01014577398924337,0.02279090968288077,0.7089489660405994,"Nonpolar (A,V,L,I,M,F,W,P,G)"
R,2147,676,0.3148579413134606,-0.007655598754154324,0.010744575036347924,0.03965618284821254,0.4192248823837412,"Basic (K, R, H)"
